city,lat,lng,max_temp,humidity,cloudiness,wind speed,country,date
Dondo,-19.6094,34.7431,75.2,100,75,8.05,MZ,1613344088
Rikitea,-23.1203,-134.9692,80.33,76,32,17.05,PF,1613344148
Albany,42.6001,-73.9662,27.0,60,99,5.41,US,1613343893
Saint Paul Harbor,57.79,-152.4072,41.0,87,90,11.5,US,1613344079
Longyearbyen,78.2186,15.6401,17.6,73,75,3.44,SJ,1613344537
Yarmouth,41.7057,-70.2286,36.0,87,90,6.91,US,1613344537
Punta Arenas,-53.15,-70.9167,51.8,62,75,23.02,CL,1613344274
Lebu,-37.6167,-73.65,59.32,80,0,18.59,CL,1613344537
Aborlan,9.4352,118.5492,75.2,88,75,4.61,PH,1613344537
Shingū,33.7333,135.9833,59.0,94,75,6.91,JP,1613344537
Aklavik,68.2191,-135.0107,-2.2,78,100,4.61,CA,1613344538
Gushikawa,26.3544,127.8686,66.2,68,40,17.27,JP,1613344538
Ushuaia,-54.8,-68.3,48.2,71,75,4.61,AR,1613344538
Pokhara,28.2333,83.9833,54.48,45,31,4.81,NP,1613344538
Zhangye,38.9342,100.4517,25.29,87,73,2.37,CN,1613344538
Busselton,-33.65,115.3333,66.99,96,34,7.36,AU,1613344538
São João da Barra,-21.6403,-41.0511,77.11,86,100,15.86,BR,1613344538
Kharovsk,59.9642,40.1912,-9.38,89,83,7.87,RU,1613344539
Nhulunbuy,-12.2333,136.7667,84.2,84,100,8.05,AU,1613344539
Poum,-20.2333,164.0167,80.31,75,80,4.88,NC,1613344539
Pacific Grove,36.6177,-121.9166,57.0,71,90,5.75,US,1613344516
New Norfolk,-42.7826,147.0587,61.0,68,100,1.99,AU,1613344539
Caravelas,-17.7125,-39.2481,76.3,78,99,7.92,BR,1613344539
Hobart,-42.8794,147.3294,61.0,82,75,4.61,AU,1613344536
Bredasdorp,-34.5322,20.0403,62.6,82,37,8.05,ZA,1613344539
Torbay,47.6666,-52.7314,25.0,80,75,10.36,CA,1613344539
Urusha,54.05,122.9,-22.77,83,88,3.38,RU,1613344540
Khorixas,-20.3667,14.9667,65.95,82,59,8.59,NA,1613344540
Clyde River,70.4692,-68.5914,-14.8,84,77,4.61,CA,1613344540
Mataura,-46.1927,168.8643,57.99,78,95,13.0,NZ,1613344540
Texarkana,33.4251,-94.0477,23.0,80,90,10.36,US,1613344401
Liverpool,53.4106,-2.9779,44.6,93,75,11.5,GB,1613344298
Mitsamiouli,-11.3847,43.2844,82.35,82,55,13.71,KM,1613344540
Chui,-33.6971,-53.4616,71.06,89,97,5.66,UY,1613344540
Puerto Triunfo,5.8726,-74.6403,80.98,74,99,2.13,CO,1613344541
Reconquista,-29.15,-59.65,82.45,43,72,1.41,AR,1613344541
Faanui,-16.4833,-151.75,81.9,74,3,12.19,PF,1613344541
Ribeira Grande,38.5167,-28.7,59.14,72,85,36.08,PT,1613344541
Bethel,41.3712,-73.414,33.8,64,90,3.44,US,1613344541
Hasaki,35.7333,140.8333,55.99,94,75,2.3,JP,1613344541
Qaanaaq,77.484,-69.3632,6.98,91,100,2.06,GL,1613344541
Tezu,27.9167,96.1667,61.0,54,58,4.36,IN,1613344542
Kaitong,44.8135,123.15,1.65,80,20,5.64,CN,1613344542
Ponta do Sol,32.6667,-17.1,55.99,73,4,5.01,PT,1613344542
Tuktoyaktuk,69.4541,-133.0374,-5.8,77,75,10.36,CA,1613344542
Atuona,-9.8,-139.0333,79.14,72,1,10.85,PF,1613344542
Araraquara,-21.7944,-48.1756,71.13,90,100,1.16,BR,1613344542
George Town,5.4112,100.3354,78.8,78,20,6.87,MY,1613344513
Jamestown,42.097,-79.2353,19.4,68,1,9.22,US,1613344543
Dillon,34.4166,-79.3712,39.99,100,90,8.05,US,1613344543
Kharsia,21.9667,83.1167,61.36,32,0,3.2,IN,1613344543
Vaini,-21.2,-175.2,86.0,66,40,8.05,TO,1613344543
Bismarck,46.8083,-100.7837,1.4,29,1,3.44,US,1613344502
Inongo,-1.95,18.2667,75.63,85,100,2.93,CD,1613344543
Rājula,21.05,71.4333,64.13,72,0,8.34,IN,1613344544
Rawson,-43.3002,-65.1023,59.95,63,68,25.19,AR,1613344544
Nova Olímpia,-14.7972,-57.2881,76.51,89,100,4.5,BR,1613344544
Iqaluit,63.7506,-68.5145,-4.0,71,90,6.91,CA,1613344544
Aland,17.5667,76.5667,64.58,48,0,7.83,IN,1613344544
Barrow,71.2906,-156.7887,-13.0,77,90,5.75,US,1613344544
Codrington,-38.2667,141.9667,64.09,66,77,9.75,AU,1613344544
Gunjur,13.2019,-16.7339,69.8,68,0,6.24,GM,1613344545
Chernyshevskiy,63.0128,112.4714,-37.86,83,9,2.8,RU,1613344545
Carnarvon,-24.8667,113.6333,73.4,100,0,5.21,AU,1613344545
Hilo,19.7297,-155.09,80.6,65,75,9.22,US,1613344167
Avarua,-21.2078,-159.775,86.0,74,20,8.05,CK,1613344545
San Quintín,30.4833,-115.95,60.28,65,100,18.19,MX,1613344545
Hithadhoo,-0.6,73.0833,82.04,76,98,10.47,MV,1613344545
Cockburn Town,21.4612,-71.1419,78.8,65,40,17.27,TC,1613344546
Mount Isa,-20.7333,139.5,80.6,89,75,5.75,AU,1613344362
Los Teques,10.3445,-67.0433,80.6,78,40,5.75,VE,1613344546
Rome,43.2128,-75.4557,24.8,68,90,4.61,US,1613344462
Bluff,-46.6,168.3333,57.99,78,31,13.0,NZ,1613344546
Rize,40.9044,40.8949,33.17,91,100,8.46,TR,1613344526
Castro,-24.7911,-50.0119,65.73,87,7,4.34,BR,1613344546
Kloulklubed,7.0419,134.2556,78.8,89,75,8.05,PW,1613344546
Thompson,55.7435,-97.8558,-0.4,71,90,6.91,CA,1613344547
Martapura,-3.4167,114.85,73.4,94,20,4.61,ID,1613344548
Moen,69.1304,18.6123,32.0,93,90,8.05,NO,1613344548
Arraial do Cabo,-22.9661,-42.0278,77.41,87,100,13.06,BR,1613344283
Bemidji,47.4736,-94.8803,-13.0,48,1,11.5,US,1613344548
Alberton,46.8168,-64.0654,23.0,74,87,8.05,CA,1613344548
Padang,-0.9492,100.3543,78.8,94,75,6.91,ID,1613344548
Puerto Ayora,-0.7393,-90.3518,78.8,89,75,12.66,EC,1613344548
Dwārka,22.2394,68.9678,69.13,78,0,6.96,IN,1613344263
Margate,51.3813,1.3862,39.0,61,100,7.0,GB,1613344549
Bonthe,7.5264,-12.505,78.8,88,20,5.75,SL,1613344549
Saint-Philippe,-21.3585,55.7679,77.0,78,20,4.61,RE,1613344549
Cayenne,4.9333,-52.3333,80.6,74,90,9.22,GF,1613344549
Tura,25.5198,90.2201,60.48,47,0,2.19,IN,1613344549
Mahébourg,-20.4081,57.7,75.2,88,20,3.44,MU,1613344549
Mar del Plata,-38.0023,-57.5575,69.01,94,90,3.44,AR,1613344550
Tasiilaq,65.6145,-37.6368,30.2,80,90,8.05,GL,1613344550
Skibbereen,51.55,-9.2667,48.2,93,75,18.41,IE,1613344550
Mutoko,-17.397,32.2268,64.89,100,100,5.12,ZW,1613344550
Outjo,-20.1167,16.15,64.62,88,59,9.98,NA,1613344550
Eyl,7.9803,49.8164,71.35,86,11,10.13,SO,1613344550
Sitka,57.0531,-135.33,37.4,41,75,4.61,US,1613344551
Kaitangata,-46.2817,169.8464,61.0,90,94,11.99,NZ,1613344551
Cape Town,-33.9258,18.4232,70.0,59,75,9.22,ZA,1613344329
Kapaa,22.0752,-159.319,78.8,73,20,10.36,US,1613344551
Charters Towers,-20.1,146.2667,79.36,77,79,11.05,AU,1613344551
Beringovskiy,63.05,179.3167,-0.04,91,100,22.86,RU,1613344551
Pisco,-13.7,-76.2167,75.2,69,0,21.85,PE,1613344552
Uarini,-2.99,-65.1083,77.0,88,90,5.75,BR,1613344552
Shar,49.5886,81.0453,9.16,90,7,14.14,KZ,1613344552
Wanparti,16.3667,78.0667,63.93,54,34,1.9,IN,1613344552
Bilibino,68.0546,166.4372,2.32,87,99,1.48,RU,1613344552
Zhuhai,22.2769,113.5678,64.0,94,0,4.61,CN,1613344467
Bangassou,4.7413,22.8184,74.7,43,32,2.42,CF,1613344553
Abu Dhabi,24.4667,54.3667,64.4,88,0,7.49,AE,1613344553
Port Elizabeth,-33.918,25.5701,69.8,88,75,17.27,ZA,1613344553
Umluj,25.0213,37.2685,75.58,59,0,3.15,SA,1613344554
Dikson,73.5069,80.5464,-19.62,87,100,15.05,RU,1613344554
Finschhafen,-6.6024,147.8681,84.33,72,100,9.31,PG,1613344554
Prieska,-29.6641,22.7474,73.72,37,82,22.24,ZA,1613344554
East London,-33.0153,27.9116,74.25,82,73,11.03,ZA,1613344554
Norman Wells,65.282,-126.8329,-16.6,76,75,2.3,CA,1613344555
Zanjān,36.6736,48.4787,40.57,60,0,5.08,IR,1613344285
Hambantota,6.1241,81.1185,75.51,88,98,7.38,LK,1613344555
Fukuechō,32.6881,128.8419,55.4,76,75,12.66,JP,1613344555
Lithakia,37.7167,20.8333,39.2,87,85,3.44,GR,1613344555
Saint-François,46.4154,3.9054,30.99,86,0,7.31,FR,1613344555
College,64.8569,-147.8028,3.99,71,1,0.65,US,1613344555
Mae Sai,20.4335,99.8762,60.8,100,3,3.44,TH,1613344555
Nanortalik,60.1432,-45.2371,23.56,93,48,9.01,GL,1613344555
Cururupu,-1.8283,-44.8683,77.0,90,96,4.68,BR,1613344555
Salalah,17.0151,54.0924,68.0,56,0,3.44,OM,1613344556
Flinders,-34.5833,150.8552,72.0,66,85,5.99,AU,1613344556
Geraldton,-28.7667,114.6,69.8,83,14,1.14,AU,1613344556
Namatanai,-3.6667,152.4333,83.08,74,65,4.97,PG,1613344556
Forsytheganj,52.6333,29.7333,11.26,96,95,4.92,BY,1613344556
Vapnyarka,48.5348,28.7436,18.0,88,70,8.34,UA,1613344556
Wagga Wagga,-35.1167,147.3667,71.01,68,0,5.75,AU,1613344556
Butaritari,3.0707,172.7902,80.28,77,91,20.33,KI,1613344557
Hermanus,-34.4187,19.2345,64.0,87,86,3.0,ZA,1613344557
Korkmaskala,43.0238,47.2944,37.4,75,90,8.95,RU,1613344557
Cotonou,6.3654,2.4183,84.2,89,40,12.66,BJ,1613344557
Chaupimarca,-10.4333,-76.5333,45.12,76,87,1.34,PE,1613344557
Vardø,70.3705,31.1107,17.6,73,20,16.11,NO,1613344557
Yellowknife,62.456,-114.3525,-2.99,77,1,11.5,CA,1613344558
Nyurba,63.2842,118.3319,-29.31,84,73,5.17,RU,1613344558
Chokurdakh,70.6333,147.9167,-8.12,89,100,13.51,RU,1613344558
São Filipe,14.8961,-24.4956,70.52,77,33,11.21,CV,1613344558
Quanzhou,24.9139,118.5858,55.4,94,0,4.03,CN,1613344558
Port Moresby,-9.4431,147.1797,75.2,100,90,3.44,PG,1613344271
Carutapera,-1.195,-46.02,77.2,90,100,7.74,BR,1613344558
Kruisfontein,-34.0033,24.7314,69.01,89,100,1.99,ZA,1613344559
Karratha,-20.7377,116.8463,79.74,77,23,6.31,AU,1613344559
Severo-Kuril'sk,50.6789,156.125,25.88,92,75,10.25,RU,1613344559
Port Alfred,-33.5906,26.891,70.0,94,76,5.01,ZA,1613344559
Itarema,-2.9248,-39.9167,79.74,84,45,10.56,BR,1613344559
Coyhaique,-45.5752,-72.0662,66.2,37,0,10.36,CL,1613344559
Port Blair,11.6667,92.75,77.0,88,40,4.61,IN,1613344559
Tashtyp,52.7939,89.8983,20.89,94,100,2.91,RU,1613344559
Conceição do Araguaia,-8.2578,-49.2647,76.87,89,100,1.32,BR,1613344560
Berbera,10.4396,45.0143,73.49,74,0,6.73,SO,1613344560
Tadine,-21.55,167.8833,82.76,68,74,6.02,NC,1613344560
Comodoro Rivadavia,-45.8667,-67.5,60.8,59,0,12.66,AR,1613344392
Vao,-22.6667,167.4833,79.45,78,23,7.78,NC,1613344560
São Gabriel da Cachoeira,-0.1303,-67.0892,76.86,95,100,0.94,BR,1613344560
Kisangani,0.5167,25.2,75.51,77,100,1.7,CD,1613344560
Whitehorse,60.7161,-135.0538,1.99,77,1,4.12,CA,1613344561
Klaksvík,62.2266,-6.589,44.6,93,75,36.82,FO,1613344561
San Policarpo,12.1791,125.5072,78.21,88,95,11.36,PH,1613344561
Ust-Nera,64.5667,143.2,-19.64,78,63,1.77,RU,1613344561
Lucapa,-8.4192,20.7447,67.3,93,100,1.21,AO,1613344561
Banda Aceh,5.5577,95.3222,78.19,78,0,11.18,ID,1613344561
Piaçabuçu,-10.4056,-36.4344,77.79,77,53,8.68,BR,1613344561
Tra Vinh,9.9347,106.3453,67.86,90,69,3.89,VN,1613344562
Bara,10.3744,10.7288,75.67,18,0,9.42,NG,1613344562
Upernavik,72.7868,-56.1549,-2.07,90,99,1.99,GL,1613344562
Marsh Harbour,26.5412,-77.0636,75.96,86,21,14.99,BS,1613344562
Katangli,51.7102,143.2326,11.05,96,87,6.82,RU,1613344562
Saddiqabad,28.3062,70.1307,61.81,29,0,5.84,PK,1613344562
Karpathos,35.507,27.2132,55.4,94,3,25.32,GR,1613344563
Barranca,-10.75,-77.7667,73.83,75,5,9.57,PE,1613344563
Pevek,69.7008,170.3133,-18.78,87,46,1.88,RU,1613344563
Nurota,40.5614,65.6886,39.2,70,0,4.61,UZ,1613344563
Amapá,1.0,-52.0,73.36,97,100,5.28,BR,1613344563
Dunedin,-45.8742,170.5036,62.01,82,78,1.01,NZ,1613344563
Chingirlau,51.095,54.0814,10.02,94,98,6.85,KZ,1613344563
Khuzdar,27.7384,66.6434,53.96,35,0,2.64,PK,1613344564
Tuy Hoa,13.0833,109.3,62.87,87,56,4.5,VN,1613344564
Najrān,17.4924,44.1277,59.0,31,0,2.28,SA,1613344564
Mastic Beach,40.7668,-72.8521,37.0,64,90,3.44,US,1613344564
Mossamedes,-15.1961,12.1522,74.19,78,97,11.16,AO,1613344564
Derzhavīnsk,51.1,66.3167,20.19,97,99,6.89,KZ,1613344565
Mwingi,-0.9344,38.0601,69.1,74,80,2.04,KE,1613344565
North Platte,41.1239,-100.7654,-2.2,60,90,4.61,US,1613344565
Vilanova del Camí,41.5717,1.6375,44.01,90,100,1.99,ES,1613344565
Cap Malheureux,-19.9842,57.6142,77.0,81,89,3.0,MU,1613344565
Kirakira,-10.4544,161.9205,84.9,72,50,7.38,SB,1613344565
Kununurra,-15.7667,128.7333,78.8,100,75,3.44,AU,1613344431
Jumla,29.2747,82.1838,34.93,80,53,3.02,NP,1613344565
Tokur,53.1333,132.9,-16.08,90,98,1.23,RU,1613344566
Port Hardy,50.6996,-127.4199,39.2,75,90,26.46,CA,1613344510
Noumea,-22.2763,166.4572,87.8,62,0,5.75,NC,1613344566
Galveston,29.3669,-94.9669,37.99,81,90,19.57,US,1613344523
Takāb,36.4009,47.1133,33.48,72,0,1.36,IR,1613344566
Champotón,19.35,-90.7167,80.6,69,40,9.22,MX,1613344566
Turaif,31.6725,38.6637,51.8,71,0,10.36,SA,1613344566
Chuzhou,32.3219,118.2978,52.0,81,0,1.01,CN,1613344567
Plettenberg Bay,-34.0527,23.3716,67.48,79,99,9.31,ZA,1613344567
Vila Velha,-20.3297,-40.2925,78.8,78,0,16.11,BR,1613344424
Dalvik,65.9702,-18.5286,41.0,70,75,9.22,IS,1613344567
Cabo San Lucas,22.8909,-109.9124,78.8,63,20,20.71,MX,1613344381
Mâncio Lima,-7.6142,-72.8958,73.4,100,90,10.36,BR,1613344567
Mahanje,-9.9333,35.3333,66.76,89,100,3.49,TZ,1613344567
Nueva Guinea,11.6876,-84.4562,80.29,71,2,7.34,NI,1613344568
Aswān,24.0934,32.907,64.04,28,0,12.21,EG,1613344568
Kawambwa,-9.7915,29.0791,64.47,97,100,1.95,ZM,1613344568
Ilulissat,69.2167,-51.1,8.6,66,90,12.66,GL,1613344568
Buin,-33.7333,-70.75,77.0,53,0,4.61,CL,1613344568
Kudahuvadhoo,2.6708,72.8944,80.94,76,96,10.96,MV,1613344568
High Level,58.5169,-117.136,3.2,66,20,14.97,CA,1613344569
Darnah,32.767,22.6367,55.53,78,98,22.88,LY,1613344569
Labuhan,-6.8844,112.2051,77.41,85,97,5.14,ID,1613344569
Limbang,4.75,115.0,77.0,94,75,1.14,MY,1613344569
Yar-Sale,66.8333,70.8333,-24.84,86,100,14.38,RU,1613344569
Fortuna,40.5982,-124.1573,48.99,100,40,20.71,US,1613344569
Coquimbo,-29.9533,-71.3436,62.6,77,75,9.22,CL,1613344432
Saskylakh,71.9167,114.0833,-20.27,85,100,13.0,RU,1613344569
Fairbanks,64.8378,-147.7164,3.99,78,1,0.85,US,1613344521
Chistogorskiy,53.9835,87.3843,15.03,96,100,3.69,RU,1613344570
Ahipara,-35.1667,173.1667,70.93,91,100,16.82,NZ,1613344570
Anadyr,64.75,177.4833,0.0,65,95,26.84,RU,1613344570
Baykit,61.67,96.37,-30.93,77,0,1.23,RU,1613344570
Krasnoyarsk,56.0097,92.7917,-13.0,84,40,2.28,RU,1613344570
Nikolskoye,59.7035,30.7861,8.6,78,75,8.95,RU,1613344570
Ancud,-41.8697,-73.8203,62.01,51,0,10.36,CL,1613344571
Humberto de Campos,-2.5983,-43.4611,77.56,88,100,5.53,BR,1613344571
Saint Simons,31.1352,-81.3901,50.0,93,90,9.22,US,1613344571
Qaqortoq,60.7167,-46.0333,32.0,74,75,1.14,GL,1613344571
Vila Franca do Campo,37.7167,-25.4333,60.01,72,20,23.02,PT,1613344571
Christchurch,-43.5333,172.6333,66.2,68,100,8.05,NZ,1613344485
Bunog,9.1403,117.7817,76.39,78,98,4.59,PH,1613344571
Khovd,48.0056,91.6419,8.8,87,0,1.39,MN,1613344571
Gokak,16.1667,74.8333,67.44,53,0,3.96,IN,1613344571
Novoorsk,51.381,58.9813,17.6,79,90,8.95,RU,1613344572
Brufut,13.3814,-16.7518,69.8,68,0,12.35,GM,1613344572
Necochea,-38.5473,-58.7368,66.99,89,91,11.01,AR,1613344279
Lemta,35.6667,10.8833,50.0,66,40,24.16,TN,1613344572
Kānt,27.8,79.8,56.17,47,28,4.94,IN,1613344572
Shubarkuduk,49.1447,56.4872,22.86,92,100,10.71,KZ,1613344572
Øystese,60.3882,6.1925,42.8,33,75,24.16,NO,1613344572
Río Gallegos,-51.6226,-69.2181,59.0,31,40,19.57,AR,1613344572
Vanimo,-2.6741,141.3028,79.23,85,100,9.13,PG,1613344573
San Patricio,28.017,-97.5169,33.8,93,90,14.97,US,1613344573
Bridlington,54.0831,-0.1919,35.01,88,100,18.99,GB,1613344573
Nakhon Phanom,17.3333,104.4167,64.78,75,65,4.74,TH,1613344573
Bambous Virieux,-20.3428,57.7575,77.0,88,20,3.44,MU,1613344573
Sibi,29.5448,67.8764,64.6,26,0,2.06,PK,1613344573
Chicama,-7.8447,-79.1469,71.6,88,40,9.22,PE,1613344573
Tiksi,71.6872,128.8694,-20.16,88,100,5.99,RU,1613344573
Saint-Pierre,-21.3393,55.4781,77.0,78,20,4.61,RE,1613344574
Airai,-8.9266,125.4092,62.76,100,70,1.01,TL,1613344574
Windhoek,-22.5594,17.0832,64.4,68,31,3.44,NA,1613344574
Ol'ga,43.7444,135.2892,26.44,97,100,8.72,RU,1613344574
Vieste,41.8825,16.175,37.4,52,20,3.44,IT,1613344574
Bereda,43.2686,-7.5406,62.01,45,100,1.99,ES,1613344574
Palmer,42.1584,-72.3287,33.8,64,90,4.61,US,1613344574
Yilan,24.757,121.753,59.0,99,0,3.74,TW,1613344575
Kosa,59.9445,54.9977,-1.73,93,98,4.81,RU,1613344575
Miles City,46.4083,-105.8406,1.4,51,1,12.66,US,1613344575
Port Macquarie,-31.4333,152.9167,73.4,68,40,17.27,AU,1613344575
Trelew,-43.249,-65.3051,59.94,56,47,24.36,AR,1613344575
Port-Gentil,-0.7193,8.7815,82.4,83,20,6.91,GA,1613344575
Alofi,-19.0595,-169.9187,86.0,62,40,9.22,NU,1613344575
Nantai,40.9241,122.8044,10.27,84,3,13.29,CN,1613344575
Treinta y Tres,-33.2333,-54.3833,71.76,83,91,7.63,UY,1613344576
Devonport,-41.1667,146.35,66.0,71,69,1.01,AU,1613344514
Marawi,7.9986,124.2928,73.0,95,22,5.01,PH,1613344576
Bengkulu,-3.8004,102.2655,75.61,87,28,4.21,ID,1613344576
Boueni,-12.9025,45.0761,80.6,89,90,1.14,YT,1613344576
Khatanga,71.9667,102.5,-36.58,83,71,1.99,RU,1613344576
Ahmadpur,18.7,76.9333,68.58,32,0,8.46,IN,1613344576
Broken Hill,-31.95,141.4333,68.0,40,0,10.36,AU,1613344577
Oromocto,45.8351,-66.4792,21.2,58,90,2.3,CA,1613344577
Vestmannaeyjar,63.4427,-20.2734,41.7,84,98,6.44,IS,1613344577
Ixtapa,20.7,-105.2,72.0,68,90,6.91,MX,1613344577
Sørkjosen,69.8,20.9333,33.19,92,100,15.37,NO,1613344577
Morondava,-20.2833,44.2833,75.83,92,100,16.82,MG,1613344577
Dombås,62.0696,9.1235,2.37,64,49,4.36,NO,1613344577
Aleksandrovsk-Sakhalinskiy,50.8975,142.1561,11.32,93,90,4.16,RU,1613344577
Gubkinskiy,64.434,76.5026,-17.1,88,100,21.9,RU,1613344577
Balabac,7.9868,117.0645,78.01,77,96,11.18,PH,1613344578
Te Anau,-45.4167,167.7167,60.89,74,80,1.05,NZ,1613344578
Wenatchee,47.4235,-120.3103,28.99,70,100,3.78,US,1613344578
La Rioja,42.25,-2.5,46.4,87,75,16.11,ES,1613344578
Straumen,63.8709,11.2999,30.99,79,0,9.22,NO,1613344578
Sharjah city,25.3573,55.4033,66.2,88,0,2.3,AE,1613344578
Paso de los Toros,-32.8167,-56.5167,70.05,84,94,3.13,UY,1613344316
Ballina,-28.8667,153.5667,71.01,78,75,10.36,AU,1613344578
Srednekolymsk,67.45,153.6833,-17.91,86,100,12.73,RU,1613344578
Weligama,5.9667,80.4167,74.82,91,99,2.55,LK,1613344579
Dukat,62.55,155.55,-28.86,82,8,3.0,RU,1613344579
Mikhaylovka,50.06,43.2379,9.0,80,88,8.01,RU,1613344579
Guarujá,-23.9931,-46.2564,84.0,26,99,10.31,BR,1613344579
Avera,33.194,-82.5271,42.8,95,90,5.75,US,1613344579
Władysławowo,54.7909,18.4009,28.99,74,90,12.66,PL,1613344579
Ostrovnoy,68.0531,39.5131,11.89,95,93,18.79,RU,1613344579
Bathsheba,13.2167,-59.5167,78.8,65,20,21.85,BB,1613344580
Kokopo,-4.352,152.2633,82.76,71,41,4.99,PG,1613344580
Ternate,0.8,127.4,78.94,86,98,13.15,ID,1613344580
Narsaq,60.9167,-46.05,32.0,74,75,1.14,GL,1613344580
Wanning,18.8003,110.3967,62.2,85,11,3.36,CN,1613344580
Tuatapere,-46.1333,167.6833,57.99,78,98,13.0,NZ,1613344580
Norden,53.6,7.2,32.0,45,100,20.0,DE,1613344580
Bubaque,11.2833,-15.8333,77.32,72,95,14.65,GW,1613344580
Kasongo,-4.45,26.6667,71.38,90,100,2.01,CD,1613344580
Amvrosiyivka,47.7935,38.4777,16.12,89,67,6.62,UA,1613344581
Sacalum,20.4833,-89.5833,82.99,61,75,11.5,MX,1613344581
Ust-Kuyga,70.0167,135.6,-14.78,84,99,4.72,RU,1613344581
Cherskiy,68.75,161.3,-5.39,91,97,2.33,RU,1613344581
Honningsvåg,70.9821,25.9704,26.6,86,75,18.41,NO,1613344581
Gunnedah,-30.9833,150.25,69.8,60,0,13.8,AU,1613344582
Husavik,66.0449,-17.3389,41.0,70,75,9.22,IS,1613344582
Kembé,4.6228,21.8865,74.43,55,59,1.61,CF,1613344582
Kattivākkam,13.2167,80.3167,71.6,88,20,2.51,IN,1613344582
Guarapari,-20.6667,-40.4975,78.8,78,0,16.11,BR,1613344582
Steger,41.47,-87.6364,5.0,47,90,6.91,US,1613344582
Adeje,28.1227,-16.726,64.0,82,20,4.61,ES,1613344582
Esperance,-33.8667,121.9,64.4,68,66,16.11,AU,1613344582
Nouadhibou,20.931,-17.0347,66.2,68,0,19.57,MR,1613344286
Tocopilla,-22.092,-70.1979,72.14,63,8,9.69,CL,1613344583
Ankang,32.68,109.0172,51.04,46,100,5.06,CN,1613344583
Kismayo,-0.3582,42.5454,76.12,84,0,14.36,SO,1613344583
Vila,42.0304,-8.1588,46.99,83,95,1.99,PT,1613344583
Terre Haute,39.4667,-87.4139,10.4,67,40,10.36,US,1613344583
Magadan,59.5667,150.8,-7.8,79,42,7.16,RU,1613344583
Nehe,48.4833,124.8333,-9.78,85,0,5.55,CN,1613344583
Mango,27.9797,-82.3065,71.6,94,90,9.22,US,1613344583
Spijkenisse,51.845,4.3292,36.0,53,100,17.0,NL,1613344584
Kalakamati,-20.5929,27.3121,67.75,89,62,4.52,BW,1613344584
Marsabit,2.3284,37.9899,71.92,48,21,10.92,KE,1613344584
Guerrero Negro,27.9769,-114.0611,61.84,64,89,19.84,MX,1613344584
Keetmanshoop,-26.5833,18.1333,65.12,56,0,18.05,NA,1613344584
Maniitsoq,65.4167,-52.9,3.22,85,56,13.35,GL,1613344584
Salinópolis,-0.6136,-47.3561,79.27,84,100,13.02,BR,1613344584
Khani,41.9563,42.9566,39.2,93,90,3.44,GE,1613344584
Tambovka,50.0969,128.0489,-14.8,76,0,4.47,RU,1613344585
Saint George,37.1041,-113.5841,52.0,29,1,13.8,US,1613344510
Beira,-19.8436,34.8389,75.2,100,75,8.05,MZ,1613344585
Buraidah,26.326,43.975,64.4,52,0,6.91,SA,1613344585
Nioro,13.35,-15.75,73.47,22,39,6.58,GM,1613344585
San Juan,-31.5375,-68.5364,90.64,21,5,1.88,AR,1613344585
Port Antonio,18.18,-76.4612,82.4,65,75,21.85,JM,1613344586
Priargunsk,50.3691,119.1012,-26.52,83,17,0.81,RU,1613344586
Fairmont,39.4851,-80.1426,28.99,85,100,1.01,US,1613344509
Menongue,-14.6585,17.691,61.74,60,69,2.82,AO,1613344586
Dzhebariki-Khaya,62.2167,135.8,-13.61,88,100,2.17,RU,1613344586
Lanzhou,36.0564,103.7922,30.99,50,100,2.3,CN,1613344586
Dudinka,69.4058,86.1778,-31.95,83,82,4.92,RU,1613344586
Porbandar,21.6422,69.6093,66.97,80,0,6.55,IN,1613344587
Saldanha,-33.0117,17.9442,66.2,77,35,4.61,ZA,1613344587
Manokwari,-0.8667,134.0833,81.19,75,96,4.34,ID,1613344587
Puerto Carreño,6.189,-67.4859,90.41,37,96,14.99,CO,1613344303
Lüderitz,-26.6481,15.1594,67.8,71,0,20.49,NA,1613344587
Port Hawkesbury,45.6169,-61.3485,27.0,68,90,4.0,CA,1613344587
Fountain,38.6822,-104.7008,-2.99,71,75,5.75,US,1613344588
Ourém,39.6417,-8.5919,55.99,71,0,3.44,PT,1613344588
Potosí,-19.5836,-65.7531,52.5,54,72,7.36,BO,1613344588
Yatou,37.15,122.3833,26.82,87,49,24.96,CN,1613344588
Two Hills,53.7169,-111.7518,-4.0,71,73,14.97,CA,1613344510
Beitbridge,-22.2167,30.0,76.93,79,100,5.75,ZW,1613344588
Nishihara,26.1842,127.7558,68.0,59,75,18.41,JP,1613344588
Mouzourás,35.5333,24.15,46.4,100,90,17.27,GR,1613344588
Kanniyākumāri,8.0833,77.5667,75.76,75,63,7.02,IN,1613344588
Leshukonskoye,64.8989,45.7622,-16.94,88,84,6.76,RU,1613344588
Moindou,-21.6924,165.677,87.8,62,0,5.75,NC,1613344589
Saint-Augustin,51.226,-58.6502,5.9,90,99,7.34,CA,1613344589
Inuvik,68.3499,-133.7218,-2.2,78,99,4.61,CA,1613344589
Adré,13.4667,22.2,71.37,21,0,10.85,TD,1613344589
Marquette,46.5333,-87.6335,0.0,60,100,3.0,US,1613344589
Barybino,55.2677,37.8933,5.0,61,0,13.42,RU,1613344589
Taoudenni,22.6783,-3.9836,73.36,23,0,26.28,ML,1613344589
Jijiga,9.35,42.8,58.87,31,0,5.26,ET,1613344589
Menomonie,44.8755,-91.9193,-6.0,41,1,10.36,US,1613344590
Muros,42.7762,-9.0603,59.0,63,34,18.01,ES,1613344590
Los Llanos de Aridane,28.6585,-17.9182,62.6,77,0,9.22,ES,1613344590
Tilichiki,60.4667,166.1,-0.96,94,100,10.45,RU,1613344590
Micheweni,-4.9667,39.8333,79.95,80,84,10.54,TZ,1613344590
Celina,40.5489,-84.5702,19.99,79,90,4.61,US,1613344590
Hobyo,5.3505,48.5268,76.5,76,1,13.82,SO,1613344590
Laas,46.6166,10.7002,25.0,56,0,8.05,IT,1613344590
Lakes Entrance,-37.8811,147.981,66.99,79,39,1.01,AU,1613344591
Deer Lake,49.1667,-57.4316,23.0,74,90,12.66,CA,1613344591
Tamandaré,-8.7597,-35.1047,78.69,84,64,9.04,BR,1613344591
Grand Gaube,-20.0064,57.6608,77.0,81,85,3.0,MU,1613344591
Nurlat,54.4277,50.8051,-0.44,94,98,10.67,RU,1613344591
Tegul'det,57.3064,88.1667,0.77,93,100,6.8,RU,1613344591
Zyryanka,65.75,150.85,-23.06,87,99,7.0,RU,1613344591
Thinadhoo,0.5333,72.9333,81.99,77,90,10.27,MV,1613344591
Samoded,63.6083,40.5111,-12.64,89,0,5.44,RU,1613344591
Oytal,42.9057,73.2697,39.99,62,17,5.32,KZ,1613344592
Korla,41.7597,86.1469,31.95,86,97,2.01,CN,1613344592
Port Hedland,-20.3167,118.5667,80.6,78,90,9.22,AU,1613344592
Pekan,3.4836,103.3996,73.0,94,20,4.61,MY,1613344592
Provideniya,64.3833,-173.3,12.2,73,75,11.18,RU,1613344592
Ponta Delgada,37.7333,-25.6667,60.01,72,20,23.02,PT,1613344592
Aykhal,66.0,111.5,-28.66,82,100,8.97,RU,1613344592
Pangnirtung,66.1451,-65.7125,-20.49,81,92,2.64,CA,1613344592
Hengyang,26.8881,112.615,55.4,81,0,2.46,CN,1613344593
Cidreira,-30.1811,-50.2056,74.53,84,99,4.07,BR,1613344593
Robāţ Karīm,35.4846,51.0829,51.8,60,0,9.22,IR,1613344593
Orlik,52.5178,99.825,-3.24,85,100,4.68,RU,1613344593
Praia da Vitória,38.7333,-27.0667,59.0,88,40,39.77,PT,1613344593
Carballo,43.213,-8.691,59.0,44,0,13.8,ES,1613344565
Henties Bay,-22.116,14.2845,64.27,83,1,6.85,NA,1613344593
Barra do Garças,-15.89,-52.2567,75.0,90,100,3.44,BR,1613344593
Shakawe,-18.3667,21.85,67.93,84,63,7.31,BW,1613344593
Lagos,6.5833,3.75,84.2,84,20,9.22,NG,1613344568
Matara,5.9485,80.5353,74.97,91,98,2.28,LK,1613344556
Bandarbeyla,9.4942,50.8122,73.53,75,23,8.48,SO,1613344594
Grottammare,42.9888,13.8649,34.0,55,25,3.0,IT,1613344594
Moose Factory,51.2585,-80.6094,-5.8,77,90,4.61,CA,1613344594
Mindelo,16.8901,-24.9804,69.8,73,20,24.16,CV,1613344594
Lagoa,39.05,-27.9833,58.1,73,85,38.56,PT,1613344594
Jalu,29.0331,21.5482,56.43,78,0,11.48,LY,1613344594
Araouane,18.9048,-3.5265,77.22,15,39,11.72,ML,1613344594
Skuodas,56.2667,21.5333,30.2,59,90,5.75,LT,1613344595
Sabzawār,36.2126,57.6819,48.7,48,0,4.9,IR,1613344595
Kumul,42.8,93.45,29.16,83,0,5.48,CN,1613344595
Marystown,47.1666,-55.1483,24.76,94,100,12.91,CA,1613344595
São Domingos,-13.3983,-46.3183,70.86,84,100,1.1,BR,1613344595
Frutal,-20.0247,-48.9406,75.42,74,95,1.9,BR,1613344595
Richmond,37.5538,-77.4603,34.0,93,90,9.22,US,1613344381
Nizhniy Tsasuchey,50.5167,115.1333,-6.93,91,100,1.03,RU,1613344595
Srandakan,-7.9386,110.2506,75.99,85,99,3.27,ID,1613344596
Katsuura,35.1333,140.3,60.8,82,75,12.66,JP,1613344331
Kalyny,48.1408,23.8738,23.0,86,40,3.44,UA,1613344596
Mount Gambier,-37.8333,140.7667,62.6,72,40,13.8,AU,1613344596
Marabu,4.4148,114.0089,75.2,94,40,2.3,MY,1613344398
Abalak,58.1286,68.5944,18.9,97,100,9.98,RU,1613344596
Sinnamary,5.3833,-52.95,77.32,80,70,14.81,GF,1613344596
Isangel,-19.55,169.2667,86.0,84,75,5.75,VU,1613344597
Vrangel',42.7297,133.0839,29.48,98,100,6.98,RU,1613344597
Alvdal,62.1077,10.6307,-18.4,69,60,2.3,NO,1613344597
Nome,64.5011,-165.4064,23.0,39,90,10.36,US,1613344597
Samarai,-10.6167,150.6667,82.85,71,73,3.04,PG,1613344597
Bahār,34.9072,48.4414,40.68,58,0,3.11,IR,1613344597
Camaná,-16.6228,-72.7111,73.62,72,7,7.02,PE,1613344597
Kansanshi,-12.0951,26.4273,61.3,95,94,3.24,ZM,1613344597
Sørland,67.667,12.6934,33.8,93,75,6.91,NO,1613344597
Kalmunai,7.4167,81.8167,75.92,87,76,7.4,LK,1613344598
Pingzhuang,42.0372,119.2889,4.93,81,0,7.0,CN,1613344598
Tupik,54.4253,119.9327,-18.02,85,99,3.13,RU,1613344598
Lompoc,34.6391,-120.4579,57.99,58,1,23.02,US,1613344598
Jining,35.405,116.5814,35.11,80,20,12.39,CN,1613344583
Dubbo,-32.25,148.6167,69.8,56,0,14.97,AU,1613344598
Ozernovskiy,51.5,156.5167,23.02,94,100,7.56,RU,1613344598
Hay River,60.8156,-115.7999,6.8,56,0,8.05,CA,1613344598
Kahului,20.8947,-156.47,84.2,54,40,17.27,US,1613344598
Khoy,38.5504,44.9535,42.21,61,0,4.92,IR,1613344599
Bariloche,-41.1456,-71.3082,73.99,45,75,16.11,AR,1613344599
Llanelli,51.682,-4.1619,50.0,100,75,16.11,GB,1613344599
Pangody,65.85,74.4859,-23.53,84,100,18.43,RU,1613344599
Millinocket,45.6573,-68.7098,19.4,63,40,2.95,US,1613344634
Abu Kamal,34.4506,40.9171,59.02,45,0,9.93,SY,1613344599
Kungurtug,50.5994,97.5228,10.8,92,100,1.59,RU,1613344599
Encruzilhada do Sul,-30.5439,-52.5219,66.15,95,96,2.59,BR,1613344477
Conakry,9.538,-13.6773,80.6,78,72,6.91,GN,1613344321
Isiro,2.7739,27.616,68.76,34,78,1.95,CD,1613344600
Keti Bandar,24.1447,67.4497,68.92,82,54,11.01,PK,1613344600
Diego de Almagro,-26.3667,-70.05,72.88,35,0,8.61,CL,1613344600
Antofagasta,-23.65,-70.4,69.8,64,20,9.22,CL,1613344320
Alice Springs,-23.7,133.8833,78.8,31,71,8.05,AU,1613344600
Esim,4.8699,-2.2405,80.01,86,9,7.31,GH,1613344600
Phalombe,-15.8064,35.6507,69.85,89,100,2.73,MW,1613344601
Mataram,-8.5833,116.1167,75.2,100,20,2.3,ID,1613344601
Itagibá,-14.2836,-39.8428,70.36,80,59,3.11,BR,1613344601
Camapuã,-19.5314,-54.0439,75.54,85,91,1.28,BR,1613344601
Sur,22.5667,59.5289,69.24,68,0,5.48,OM,1613344601
Gimbi,9.1667,35.8333,60.73,36,44,3.22,ET,1613344601
Las Vegas,36.175,-115.1372,60.8,13,1,17.27,US,1613344003
Ürümqi,43.801,87.6005,17.6,93,90,2.24,CN,1613344601
Sakakah,29.9697,40.2064,59.0,47,0,3.44,SA,1613344601
Alanya,36.5438,31.9998,51.8,93,40,3.44,TR,1613344601
Talagang,32.9297,72.4158,54.21,46,0,1.72,PK,1613344602
Hohhot,40.8106,111.6522,1.4,66,0,4.47,CN,1613344408
Sabha,27.0377,14.4283,55.71,61,0,18.43,LY,1613344602
Malanje,-9.5402,16.341,64.6,79,7,3.98,AO,1613344602
Umm Kaddadah,13.6017,26.6876,71.04,21,0,12.21,SD,1613344602
Burē,10.7,37.0667,63.43,36,42,7.16,ET,1613344602
Bharatpur,27.2167,77.4833,58.03,47,0,1.41,IN,1613344603
Walvis Bay,-22.9575,14.5053,66.6,71,0,14.29,NA,1613344603
Morón,-34.6534,-58.6198,75.99,73,40,9.22,AR,1613344603
Aketi,2.7388,23.7833,76.51,59,37,1.83,CD,1613344603
Gweta,-20.1833,25.2333,73.78,82,100,8.21,BW,1613344603
Ugento,39.9263,18.1574,39.2,56,75,23.02,IT,1613344603
Aksay,47.26,39.87,15.01,79,0,2.24,RU,1613344603
Plover,44.4564,-89.544,-5.01,45,1,9.22,US,1613344603
Ugoofaaru,5.6667,73.0,80.31,67,18,8.37,MV,1613344603
Barra de Tecoanapa,16.5167,-98.75,79.5,51,0,11.27,MX,1613344604
Onguday,50.75,86.15,13.59,84,29,2.71,RU,1613344604
Oodweyne,9.4092,45.064,65.3,27,0,7.74,SO,1613344604
Marzuq,14.4,46.4667,58.41,49,1,1.21,YE,1613344604
Barcelos,41.5388,-8.6151,55.0,82,0,9.22,PT,1613344604
Tabou,4.423,-7.3528,78.46,90,100,4.92,CI,1613344604
Haines Junction,60.7522,-137.5108,-5.8,49,47,3.44,CA,1613344604
Lavrentiya,65.5833,-171.0,-9.56,85,22,13.0,RU,1613344604
Faya,18.3851,42.4509,57.2,71,0,6.91,SA,1613344605
Jackson,42.4165,-122.8345,45.0,76,90,4.61,US,1613344379
Mincivan,39.0294,46.7185,49.64,49,3,0.96,AZ,1613344605
Westport,41.1415,-73.3579,36.0,75,90,3.44,US,1613344605
Toba Tek Singh,30.9743,72.4827,58.32,34,6,5.53,PK,1613344605
Anori,-3.7728,-61.6442,75.7,96,100,1.41,BR,1613344605
Gigant,46.5066,41.3419,22.12,83,99,7.34,RU,1613344605
Safi,32.2994,-9.2372,63.81,71,0,9.1,MA,1613344504
Ariquemes,-9.9133,-63.0408,75.85,97,91,2.89,BR,1613344605
Sokodé,8.9833,1.1333,83.61,44,86,4.41,TG,1613344606
Mackenzie,55.2999,-123.1698,14.0,62,75,4.61,CA,1613344606
Asău,46.4333,26.4,24.01,67,100,4.09,RO,1613344606
Grindavik,63.8424,-22.4338,37.4,93,75,8.05,IS,1613344606
Gueugnon,46.6036,4.0629,30.99,86,0,3.98,FR,1613344606
Malaya Purga,56.5567,53.0043,3.99,87,100,6.58,RU,1613344606
Ardrishaig,56.0157,-5.4481,46.0,87,24,12.66,GB,1613344607
Tevaitoa,-16.7833,-151.5,81.81,75,21,12.41,PF,1613344607
Alekseyevsk,57.8406,108.3492,-15.21,87,99,3.11,RU,1613344607
Jacareacanga,-6.2222,-57.7528,73.17,98,100,2.93,BR,1613344607
San Ramon,37.7799,-121.978,54.0,58,90,9.22,US,1613344607
Pimentel,-6.8367,-79.9342,77.0,69,0,19.57,PE,1613344607
Garden City,42.3256,-83.331,21.2,58,90,10.36,US,1613344607
Chahal Guatemala,15.75,-89.5667,83.43,63,38,2.3,GT,1613344607
Tirano,46.2154,10.1679,30.0,78,0,1.14,IT,1613344608
Kalispell,48.1958,-114.3129,15.01,67,90,0.98,US,1613344608
Roebourne,-20.7833,117.1333,79.54,78,13,8.1,AU,1613344608
Saint-Raphaël,19.4333,-72.2,73.71,73,2,5.23,HT,1613344608
Dhidhdhoo,6.8833,73.1,80.47,65,62,7.9,MV,1613344608
Kapuskasing,49.4169,-82.4331,1.4,66,100,8.05,CA,1613344608
Yershov,51.3513,48.2766,-2.18,92,0,8.99,RU,1613344608
Tignère,7.3667,12.65,67.75,25,4,2.48,CM,1613344608
Helong,42.5397,128.9972,17.4,93,100,4.12,CN,1613344608
Jacksonville,30.3322,-81.6556,55.4,100,90,9.22,US,1613344571
Bulgan,48.8125,103.5347,8.83,86,43,5.93,MN,1613344609
Portland,45.5234,-122.6762,34.0,74,90,17.27,US,1613344560
Lafiagi,8.8667,5.4167,83.16,42,1,6.13,NG,1613344609
Lufilufi,-13.8745,-171.5986,87.8,66,40,5.75,WS,1613344609
Bukama,-9.2,25.85,70.63,92,100,0.09,CD,1613344609
Fort Saint James,54.4333,-124.25,14.81,94,100,2.28,CA,1613344609
Khasan,42.4308,130.6434,24.62,97,100,13.18,RU,1613344609
Cabra,37.4725,-4.4421,50.0,72,57,5.57,ES,1613344610
Robertsport,6.7533,-11.3686,80.87,85,23,9.71,LR,1613344610
Inta,66.0317,60.1659,-7.15,89,100,18.14,RU,1613344610
Kutum,14.2,24.6667,62.78,27,0,8.9,SD,1613344610
Lusambo,-4.9667,23.45,72.77,92,89,0.81,CD,1613344610
Havre-St-Pierre,50.2334,-63.5986,6.8,85,20,4.61,CA,1613344610
Colborne,44.0001,-77.8828,23.0,54,89,2.3,CA,1613344610
Yangi Marg`ilon,40.4272,71.7189,39.2,70,100,2.3,UZ,1613344610
Pamekasan,-7.1568,113.4746,75.6,91,100,5.7,ID,1613344610
Hibbing,47.4272,-92.9377,-9.4,58,75,10.36,US,1613344610
Khvoynaya,58.9,34.5333,-10.17,89,13,5.64,RU,1613344611
Paamiut,61.994,-49.6678,8.46,89,2,13.33,GL,1613344611
Kieta,-6.2167,155.6333,83.16,76,100,8.97,PG,1613344611
Pavino,59.1139,46.1414,-4.25,91,98,6.6,RU,1613344611
Laje,-10.1833,-40.9667,76.53,51,48,5.64,BR,1613344611
Almeirim,-1.5233,-52.5817,76.26,93,100,4.5,BR,1613344396
Tūkrah,32.5341,20.5791,54.19,76,100,18.81,LY,1613344611
Almaznyy,48.0448,40.045,12.2,79,0,2.24,RU,1613344612
Peniche,39.3558,-9.3811,57.99,79,96,9.06,PT,1613344612
Broome,42.2506,-75.833,24.01,73,1,3.44,US,1613344612
Hong Kong,22.2855,114.1577,64.99,75,0,4.03,HK,1613344474
Lorengau,-2.0226,147.2712,84.16,73,98,7.87,PG,1613344612
Esqueda,30.7167,-109.5833,53.15,40,33,22.28,MX,1613344612
Fuyang,32.9,115.8167,46.69,74,27,13.38,CN,1613344613
Kaniama,-7.5667,24.1833,67.24,91,100,2.84,CD,1613344613
Syracuse,37.0881,15.2792,41.0,60,20,9.22,IT,1613344613
Dingle,10.9995,122.6711,75.07,93,100,4.9,PH,1613344613
Ilanskiy,56.2358,96.065,-17.59,89,58,1.7,RU,1613344613
Behshahr,36.6923,53.5526,39.2,100,2,4.61,IR,1613344613
